{
  "meta": {
    "region": "California",
    "train_seasons": [
      "2009-2010",
      "2010-2011",
      "2011-2012",
      "2012-2013",
      "2013-2014"
    ],
    "test_seasons": [
      "2014-2015",
      "2015-2016",
      "2016-2017",
      "2017-2018",
      "2018-2019",
      "2019-2020"
    ],
    "generated_at_utc": "2025-11-14T19:41:57Z"
  },
  "two_strain": {
    "with_cross_immunity": {
      "params": {
        "beta1": 2.120654154870315,
        "beta2": 4.999999999999999,
        "amplitude": 0.8999999999999999,
        "phi_weeks": -20.35382745600487,
        "sigma": 0.9752859633670434,
        "S0_frac": 0.9989999999999999,
        "R10_frac": 6.51783306112741e-35,
        "R20_frac": 0.49999999999999994,
        "seed1": 6.022359510982248e-05,
        "seed2": 0.004658697383610223,
        "rho1": 16195994.565366773,
        "rho2": 253.14160202789685
      },
      "metrics_per_season": {
        "2009-2010": {
          "A": {
            "MAE": 255.76699898350913,
            "R2": 0.07399774287328698
          },
          "B": {
            "MAE": 5.0345253942557155,
            "R2": -1009.6349054344535
          }
        },
        "2010-2011": {
          "A": {
            "MAE": 103.4355639150916,
            "R2": -0.5246428865484765
          },
          "B": {
            "MAE": 8.735061942496475,
            "R2": 0.487121495353953
          }
        },
        "2011-2012": {
          "A": {
            "MAE": 137.55648004714212,
            "R2": -1.1027085680740236
          },
          "B": {
            "MAE": 6.174464736253959,
            "R2": -7.851912799522275
          }
        },
        "2012-2013": {
          "A": {
            "MAE": 111.03330548954652,
            "R2": 0.6114169086856033
          },
          "B": {
            "MAE": 10.93324981893667,
            "R2": 0.2767508811537882
          }
        },
        "2013-2014": {
          "A": {
            "MAE": 150.3979881994465,
            "R2": 0.45049033721743514
          },
          "B": {
            "MAE": 4.6136053332603,
            "R2": -0.1735220546030749
          }
        },
        "2014-2015": {
          "A": {
            "MAE": 135.68354990962297,
            "R2": 0.5296947120478255
          },
          "B": {
            "MAE": 19.346172475930494,
            "R2": -0.0718484679467537
          }
        },
        "2015-2016": {
          "A": {
            "MAE": 101.70404098744136,
            "R2": -3.4961805792580956
          },
          "B": {
            "MAE": 41.22501599205042,
            "R2": -0.06285249835618867
          }
        },
        "2016-2017": {
          "A": {
            "MAE": 118.1571067422895,
            "R2": 0.46947650159628895
          },
          "B": {
            "MAE": 9.130671669389459,
            "R2": -0.7485489393769234
          }
        },
        "2017-2018": {
          "A": {
            "MAE": 137.00303700010306,
            "R2": 0.2817719622543725
          },
          "B": {
            "MAE": 73.33736437644355,
            "R2": -0.30772054783541725
          }
        },
        "2018-2019": {
          "A": {
            "MAE": 106.75814650276436,
            "R2": 0.36814143117623
          },
          "B": {
            "MAE": 5.51257947140986,
            "R2": -4.5292966774225745
          }
        },
        "2019-2020": {
          "A": {
            "MAE": 64.68082311844844,
            "R2": 0.7232381473259908
          },
          "B": {
            "MAE": 81.09960580826049,
            "R2": -0.2883149219013119
          }
        }
      }
    },
    "no_cross_immunity": {
      "params": {
        "beta1": 4.999999999963086,
        "beta2": 1.1313804657595048,
        "amplitude": 0.7143969325307932,
        "phi_weeks": -20.109093106320152,
        "S0_frac": 0.5000000000000001,
        "R10_frac": 0.0010693381032517682,
        "R20_frac": 4.545080790384876e-39,
        "seed1": 0.009999999999999998,
        "seed2": 0.0022891896102894293,
        "rho1": 11469.417307106989,
        "rho2": 819.510212138724
      },
      "metrics_per_season": {
        "2009-2010": {
          "A": {
            "MAE": 277.14210282600055,
            "R2": -0.2182285089435747
          },
          "B": {
            "MAE": 1.0406991019028418,
            "R2": -19.664702665384187
          }
        },
        "2010-2011": {
          "A": {
            "MAE": 66.6403453877381,
            "R2": 0.15473706801162312
          },
          "B": {
            "MAE": 14.504612888066022,
            "R2": -0.37523995799973275
          }
        },
        "2011-2012": {
          "A": {
            "MAE": 117.95655999143928,
            "R2": -0.6740353966468715
          },
          "B": {
            "MAE": 3.1741395473898035,
            "R2": -0.544621400703156
          }
        },
        "2012-2013": {
          "A": {
            "MAE": 75.37562658881306,
            "R2": 0.6942357823316903
          },
          "B": {
            "MAE": 16.667716452711556,
            "R2": -0.3131747672818306
          }
        },
        "2013-2014": {
          "A": {
            "MAE": 122.15345666124996,
            "R2": 0.4813583786078056
          },
          "B": {
            "MAE": 5.956967611556353,
            "R2": -0.6504179769314153
          }
        },
        "2014-2015": {
          "A": {
            "MAE": 99.33487820616548,
            "R2": 0.5848350115066546
          },
          "B": {
            "MAE": 24.38242197950126,
            "R2": -0.693179698522826
          }
        },
        "2015-2016": {
          "A": {
            "MAE": 73.05507317538887,
            "R2": -1.9194004574772014
          },
          "B": {
            "MAE": 46.56419390728205,
            "R2": -0.28662694742712835
          }
        },
        "2016-2017": {
          "A": {
            "MAE": 86.95147531577915,
            "R2": 0.554193875958475
          },
          "B": {
            "MAE": 9.948254253819377,
            "R2": -0.8943248935976882
          }
        },
        "2017-2018": {
          "A": {
            "MAE": 111.53325371849823,
            "R2": 0.3492915914827399
          },
          "B": {
            "MAE": 78.84038388249286,
            "R2": -0.5048224648673647
          }
        },
        "2018-2019": {
          "A": {
            "MAE": 81.1763575696361,
            "R2": 0.580699522156251
          },
          "B": {
            "MAE": 4.26308009902903,
            "R2": -0.8957810483879838
          }
        },
        "2019-2020": {
          "A": {
            "MAE": 29.648604220212295,
            "R2": 0.9212537455630766
          },
          "B": {
            "MAE": 86.73043370169923,
            "R2": -0.41095711746947394
          }
        }
      }
    }
  },
  "one_strain": {
    "params": {
      "beta": 4.999999993476582,
      "amplitude": 0.7167674465096328,
      "phi_weeks": 32.34000744145209,
      "S0_frac": 0.5000000000000001,
      "seed_E0": 0.009999999999999998,
      "rho": 12308.124158776905,
      "k": 0.5,
      "gamma": 0.3333333333333333
    },
    "metrics_per_season": {
      "2009-2010": {
        "MAE": 282.0233138115262,
        "R2": -0.2264550900701241
      },
      "2010-2011": {
        "MAE": 64.55820532374942,
        "R2": 0.457718663824511
      },
      "2011-2012": {
        "MAE": 123.25348484288698,
        "R2": -0.7232740054484825
      },
      "2012-2013": {
        "MAE": 84.61003221623152,
        "R2": 0.6868773988604036
      },
      "2013-2014": {
        "MAE": 124.83368045986266,
        "R2": 0.48888641878334615
      },
      "2014-2015": {
        "MAE": 116.61936528552123,
        "R2": 0.5687328184293808
      },
      "2015-2016": {
        "MAE": 76.68839971468975,
        "R2": 0.4543915753200727
      },
      "2016-2017": {
        "MAE": 91.97270894126588,
        "R2": 0.5561103461788353
      },