{
  "season": "2012-2013",
  "region": "California",
  "params": {
    "beta": 3.121796433786787,
    "amplitude": 0.8997892945337128,
    "phi_weeks": 4.886366948435379,
    "S0_frac": 0.8265566542540326,
    "seed_E0": 8.613596797296978e-08,
    "rho": 9092.15496233874,
    "k": 0.5,
    "gamma": 0.3333333333333333
  },
  "metrics_total": {
    "train": {
      "MAE": 37.91362273036783,
      "R2": 0.9699591040365569
    },
    "test": {
      "MAE": 2.3471996472928507,
      "R2": -0.7475355725880484
    }
  },
  "peaks_total": {
    "observed": {
      "t": 17.0,
      "value": 1429.0
    },
    "predicted": {
      "t": 17.0,
      "value": 1303.5480433471585
    }
  }
}