{
  "season": "2016-2017",
  "region": "California",
  "params": {
    "beta": 4.99999999985685,
    "amplitude": 0.8351498939753373,
    "phi_weeks": -7.363753141815609,
    "S0_frac": 0.9989999999993485,
    "seed_E0": 1.520615847609898e-06,
    "rho": 9558.196488442632,
    "k": 0.5,
    "gamma": 0.3333333333333333
  },
  "metrics_total": {
    "train": {
      "MAE": 49.846221814012694,
      "R2": 0.9562803180742631
    },
    "test": {
      "MAE": 13.533945710795972,
      "R2": -1.8734243117629088
    }
  },
  "peaks_total": {
    "observed": {
      "t": 13.0,
      "value": 1340.0
    },
    "predicted": {
      "t": 14.0,
      "value": 1212.0193948019667
    }
  }
}