{
  "season": "2016-2017",
  "region": "California",
  "metrics_with_cross_immunity": {
    "strain_A": {
      "train": {
        "MAE": 41.36078203544675,
        "R2": 0.9739028884233211
      },
      "test": {
        "MAE": 11.757018007168377,
        "R2": -2.067398157880176
      }
    },
    "strain_B": {
      "train": {
        "MAE": 5.8648702231907075,
        "R2": 0.40068491494179903
      },
      "test": {
        "MAE": 3.6819449975716427,
        "R2": 0.16469255327152998
      }
    }
  },
  "params_with_cross_immunity": {
    "beta1": 4.999999999999999,
    "beta2": 1.8172079979861886,
    "amplitude": 0.8999999999999999,
    "phi_weeks": 19.56199976006847,
    "sigma": 0.9023991442607256,
    "S0_frac": 0.5688707310170196,
    "R10_frac": 0.49999999999999994,
    "R20_frac": 0.49999999999999994,
    "seed1": 9.11251123391722e-05,
    "seed2": 1.9861048051190906e-06,
    "rho1": 8688.98802651855,
    "rho2": 1331415.4296335997
  },
  "peaks_with_cross_immunity": {
    "obs_A": {
      "t": 13.0,
      "value": 1334.0
    },
    "obs_B": {
      "t": 21.0,
      "value": 40.0
    },
    "pred_A": {
      "t": 14.0,
      "value": 1252.6380902360595
    },
    "pred_B": {
      "t": 30.0,
      "value": 20.839041278976428
    }
  },
  "metrics_no_cross_immunity": {
    "strain_A": {
      "train": {
        "MAE": 46.01545616317426,
        "R2": 0.9615135878142176
      },
      "test": {
        "MAE": 49.99426778078119,
        "R2": -82.00416074659118
      }
    },
    "strain_B": {
      "train": {
        "MAE": 14.178055073732219,
        "R2": -2.0052698522900303
      },
      "test": {
        "MAE": 37.69730849246758,
        "R2": -51.96469243125608
      }
    }
  },
  "params_no_cross_immunity": {
    "beta1": 3.320020170968085,
    "beta2": 1.2329001542279394,
    "amplitude": 0.8958342911652147,
    "phi_weeks": 1.155285064265883,
    "S0_frac": 0.7522062090796414,
    "R10_frac": 0.0021553750091642104,
    "R20_frac": 0.0001655309498352864,
    "seed1": 4.227755664438073e-06,
    "seed2": 0.0008075481894838982,
    "rho1": 12044.803112511603,
    "rho2": 1943.7823201460712
  },
  "peaks_no_cross_immunity": {
    "obs_A": {
      "t": 13.0,
      "value": 1334.0
    },
    "obs_B": {
      "t": 21.0,
      "value": 40.0
    },
    "pred_A": {
      "t": 14.0,
      "value": 1240.4507891818348
    },
    "pred_B": {
      "t": 51.0,
      "value": 114.46197460864009
    }
  }
}