{
  "season": "2012-2013",
  "region": "California",
  "metrics_with_cross_immunity": {
    "strain_A": {
      "train": {
        "MAE": 30.526365170771637,
        "R2": 0.9837033833981584
      },
      "test": {
        "MAE": 2.470444874428095,
        "R2": -0.7065243573392219
      }
    },
    "strain_B": {
      "train": {
        "MAE": 11.938673167550604,
        "R2": 0.6854091117086067
      },
      "test": {
        "MAE": 1.0906562229237096,
        "R2": -45.9395655044127
      }
    }
  },
  "params_with_cross_immunity": {
    "beta1": 2.3724916242975,
    "beta2": 3.652796897166834,
    "amplitude": 0.8994267416288532,
    "phi_weeks": 18.619549674670758,
    "sigma": 0.9698644409251017,
    "S0_frac": 0.9916071745746644,
    "R10_frac": 0.4303735089478654,
    "R20_frac": 0.25504783364042155,
    "seed1": 1.0838510078969634e-05,
    "seed2": 2.7352587972943668e-08,
    "rho1": 7521.16043526688,
    "rho2": 2744.2716759850855
  },
  "peaks_with_cross_immunity": {
    "obs_A": {
      "t": 17.0,
      "value": 1356.0
    },
    "obs_B": {
      "t": 22.0,
      "value": 105.0
    },
    "pred_A": {
      "t": 17.0,
      "value": 1257.5419580758735
    },
    "pred_B": {
      "t": 17.0,
      "value": 95.38109871068768
    }
  },
  "metrics_no_cross_immunity": {
    "strain_A": {
      "train": {
        "MAE": 29.861839586963534,
        "R2": 0.9795902806697516
      },
      "test": {
        "MAE": 2.7743375014511695,
        "R2": -0.6689852188885279
      }
    },
    "strain_B": {
      "train": {
        "MAE": 25.004125115433865,
        "R2": -0.3629096485669818
      },
      "test": {
        "MAE": 14.30195154852313,
        "R2": -3864.6971981150505
      }
    }
  },
  "params_no_cross_immunity": {
    "beta1": 4.1172831606319695,
    "beta2": 0.32282482240657145,
    "amplitude": 0.5946223200204112,
    "phi_weeks": 24.01359029282372,
    "S0_frac": 0.775417658231305,
    "R10_frac": 0.37713764910704406,
    "R20_frac": 0.00021677364718681677,
    "seed1": 2.1801133706925896e-05,
    "seed2": 0.00999999999999994,
    "rho1": 8496.80172239705,
    "rho2": 4024.8232894394055
  },
  "peaks_no_cross_immunity": {
    "obs_A": {
      "t": 17.0,
      "value": 1356.0
    },
    "obs_B": {
      "t": 22.0,
      "value": 105.0
    },
    "pred_A": {
      "t": 17.0,
      "value": 1270.4017824566401
    },
    "pred_B": {
      "t": 37.0,
      "value": 22.441633041811844
    }
  }
}